{"cameraMode":{"drawMode":0,"name":"Shaded","section":"Shading Mode"},"sceneLighting":true,"audioPlay":false,"sceneViewState":{"showFog":true,"showMaterialUpdate":false,"showSkybox":true,"showFlares":true,"showImageEffects":true,"showParticleSystems":true},"in2DMode":false,"pivot":{"x":0.0016667642630636693,"y":1.7997077703475953,"z":-0.0032110363245010378},"rotation":{"x":-0.28929615020751955,"y":0.15053243935108186,"z":-0.04612340033054352,"w":-0.9442068338394165},"size":3.4197726249694826,"orthographic":false}